date,bitcoin,bitcoinvol,gld,gldvol,daily_date,week,lg_bitcoin,lg_gld,return_btc,return_gld,u_returnbtc,u_returngld
2019-1-14,3601.0137,38588596987,121.02,40322200,21563,1,8.1889706,4.7959557,,,.99859548,.99859548
2019-1-21,3583.9658,36949379050,122.86,29887200,21570,2,8.1842251,4.8110456,-.0047454834,.015089989,.4227528,.7570225
2019-1-28,3464.0134,40130888766,124.5,54931400,21577,3,8.1501827,4.8243055,-.034042358,.013259888,.21769662,.72893256
2019-2-4,3690.1882,41224140801,124.21,29935800,21584,4,8.2134323,4.8219738,.063249588,-.0023317337,.76825845,.35814607
2019-2-11,3673.8362,44533597993,124.8,35200800,21591,5,8.208992,4.8267126,-.0044403076,.0047388077,.42837077,.51825845
2019-2-18,3810.4275,63853356366,125.5,38577700,21598,6,8.2454967,4.8323059,.036504745,.0055932999,.67837077,.54915732
2019-2-25,3847.1758,56444684748,121.88,42194800,21605,7,8.2550945,4.8030372,.0095977783,-.029268742,.5294944,.068820223
2019-3-4,3951.5999,69110769320,122.84,38729600,21612,8,8.2818756,4.8108826,.026781082,.0078454018,.63061798,.59410113
2019-3-11,4025.229,67357766371,122.97,36566100,21619,9,8.3003368,4.8119407,.018461227,.0010581017,.58286518,.44241574
2019-3-18,4022.1682,67975640775,123.97,39260600,21626,10,8.2995768,4.8200397,-.00076007843,.0080990791,.46769664,.60533708
2019-3-25,4105.4043,71015021591,122.01,37911600,21633,11,8.3200598,4.8041029,.020483017,-.015936852,.59410113,.16151686
2019-4-1,5198.897,123047080530,121.98,36810100,21640,12,8.5562019,4.8038573,.23614216,-.00024557114,.99578649,.41432583
2019-4-8,5167.7222,98826873355,121.83,32231300,21647,13,8.5501871,4.8026266,-.0060148239,-.0012307167,.40589887,.38904494
2019-4-15,5314.5313,90285516253,120.37,23134500,21654,14,8.5782003,4.7905703,.028013229,-.012056351,.64466292,.20646067
2019-4-22,5285.1392,105590631334,121.37,22858300,21661,15,8.5726538,4.7988439,-.0055465698,.0082736015,.41151685,.61657304
2019-4-29,5795.7085,107035835884,120.65,36733700,21668,16,8.6648731,4.7928939,.092219353,-.0059499741,.86095506,.28792134
2019-5-6,6972.3716,141929602925,121.43,21270600,21675,17,8.8497105,4.7993379,.18483734,.0064439774,.97331458,.56039327
2019-5-13,8197.6895,199543788416,120.65,39924600,21682,18,9.0116072,4.7928939,.16189671,-.0064439774,.96769661,.2738764
2019-5-20,8673.2158,173001140580,121.3,20312500,21689,19,9.0679951,4.7982669,.056387901,.0053730011,.74578649,.53511238
2019-5-27,8742.958,173016477871,123.33,31560700,21696,20,9.076004,4.8148637,.0080089569,.016596794,.51544946,.77387643
2019-6-3,7688.0771,140124650113,126.59,43506300,21703,21,8.9474258,4.8409534,-.12857819,.026089668,.043539327,.88623595
2019-6-10,8994.4883,135051141522,126.56,30524900,21710,22,9.1043673,4.8407164,.15694141,-.00023698807,.95646065,.41713482
2019-6-17,10855.371,136422336191,131.98,60437800,21717,23,9.2924156,4.8826504,.18804836,.041934013,.97612357,.96207863
2019-6-24,10817.155,221502737682,133.2,71130200,21724,24,9.2888889,4.8918519,-.0035266876,.0092015266,.44241574,.63623595
2019-7-1,11450.847,181410821667,132.14,44487900,21731,25,9.3458185,4.883862,.056929588,-.0079898834,.74859548,.25421348
2019-7-8,10256.059,180936684097,133.53,42427500,21738,26,9.2356243,4.8943262,-.11019421,.010464191,.071629211,.66432583
2019-7-15,10599.105,157356814406,134.47,59808300,21745,27,9.2685251,4.901341,.03290081,.0070147514,.66994381,.57162923
2019-7-22,9552.8604,112459229432,133.64,42225100,21752,28,9.1645956,4.8951497,-.10392952,-.0061912537,.080056183,.28230336
2019-7-29,10970.185,110790788891,135.89,78891300,21759,29,9.3029366,4.9118457,.13834095,.016695976,.93398875,.77668542
2019-8-5,11523.579,141427393788,141.25999,76256600,21766,30,9.3521509,4.9506021,.049214363,.038756371,.72331458,.94803369
2019-8-12,10345.811,120224711798,142.78,90976300,21773,31,9.2443371,4.9613051,-.10781384,.010703087,.077247187,.6727528
2019-8-19,10138.518,112893851548,144.17,53274600,21780,32,9.2240973,4.970993,-.02023983,.0096879005,.27949437,.64185393
2019-8-26,9757.9707,104346358671,143.75,60897000,21787,33,9.1858397,4.9680758,-.038257599,-.0029172897,.20365168,.33567417
2019-9-2,10441.276,116441433312,141.92,61369500,21794,34,9.2535219,4.9552636,.067682266,-.012812138,.79073036,.19803371
2019-9-9,10347.713,102876391724,140.14999,57531400,21801,35,9.2445211,4.9427133,-.0090007782,-.012550354,.375,.20084269
2019-9-16,10070.393,107930839412,142.95,50298500,21808,36,9.2173548,4.9624949,-.027166367,.01978159,.26544943,.81601125
2019-9-23,8104.1855,124735468740,141.06,49020000,21815,37,9.0001364,4.9491854,-.2172184,-.013309479,.018258426,.18679775
2019-9-30,7988.1558,97716137179,141.89999,61896700,21822,38,8.9857149,4.9551225,-.014421463,.0059370995,.32443821,.55196631
2019-10-7,8321.0059,118550918408,140.03,44118900,21829,39,9.0265388,4.9418569,.040823936,-.01326561,.69241571,.18960674
2019-10-14,8222.0781,105710167423,140.46001,36012400,21836,40,9.0145779,4.9449229,-.011960983,.0030660629,.34129214,.48735955
2019-10-21,9551.7148,176678165128,141.86,28527500,21843,41,9.1644764,4.9548407,.14989853,.0099177361,.95365167,.6474719
2019-10-28,9235.3545,180364809056,142.56,31411200,21850,42,9.1307945,4.9597631,-.03368187,.00492239,.22050563,.52387643
2019-11-4,9055.5264,160702732609,137.39,48530700,21857,43,9.1111307,4.9228234,-.019663811,-.036939621,.28230336,.029494382
2019-11-11,8577.9756,134166660428,138.21001,37589100,21864,44,9.0569534,4.9287744,-.054177284,.0059509277,.15028089,.5547753
2019-11-18,7047.917,171626385789,137.74001,25251900,21871,45,8.860487,4.9253678,-.19646645,-.0034065247,.021067416,.32162923
2019-11-25,7424.2925,162444865040,137.86,19767600,21878,46,8.9125128,4.9262385,.052025795,.00087070465,.72893256,.43679774
2019-12-2,7564.3452,121327747581,137.62,37464700,21885,47,8.931201,4.9244962,.018688202,-.001742363,.59129214,.375
2019-12-9,7152.3018,122542519854,139.05,27829300,21892,48,8.8751898,4.9348335,-.0560112,.010337353,.13904494,.65870786
2019-12-16,7511.5889,165399102665,139.52,21980100,21899,49,8.924202,4.9382081,.049012184,.0033745766,.7205056,.49297753
2019-12-23,7422.6528,161758217053,142.33,23947000,21906,50,8.9122915,4.9581485,-.011910439,.019940376,.34410113,.82162923
2019-12-30,7411.3174,149690652648,145.86,30130700,21913,51,8.9107637,4.9826474,-.0015277863,.02449894,.45926967,.875
2020-1-6,8192.4941,184901289966,146.91,61105900,21920,52,9.0109739,4.98982,.10021019,.0071725845,.88342696,.57443821
2020-1-13,8706.2451,241668743794,146.58,37883700,21927,53,9.0717955,4.9875712,.060821533,-.002248764,.76264048,.36376405
2020-1-20,8596.8301,165113602391,147.98,29204000,21934,54,9.0591488,4.997077,-.012646675,.0095057487,.33005619,.63904494
2020-1-27,9344.3652,212298356923,149.33,46452100,21941,55,9.1425285,5.0061588,.083379745,.0090818405,.82443821,.63342696
2020-2-3,10116.674,239180811399,147.78999,36990700,21948,56,9.22194,4.9957924,.079411507,-.01036644,.82162923,.2261236
2020-2-10,9934.4336,300413081965,149,28441100,21955,57,9.2037621,5.0039463,-.018177986,.0081539154,.29073033,.61376405
2020-2-17,9924.5156,303140360741,154.7,45596500,21962,58,9.2027636,5.0414877,-.00099849701,.037541389,.46207866,.9452247
2020-2-24,8562.4541,299233009521,148.38,143753100,21969,59,9.0551424,4.9997764,-.14762115,-.04171133,.035112359,.021067416
2020-3-2,8108.1162,276706069337,157.55,102245500,21976,60,9.0006208,5.0597429,-.054521561,.059966564,.1474719,.99016851
2020-3-9,5392.3149,326123224372,143.28,129910700,21983,61,8.5927305,4.9648008,-.40789032,-.094942093,.0014044944,.0014044944
2020-3-16,5830.2549,309907233901,140.11,111824600,21990,62,8.6708164,4.9424276,.078085899,-.022373199,.81882024,.096910112
2020-3-23,5922.043,272468247401,152.25,88078700,21997,63,8.6864367,5.0255241,.015620232,.083096504,.56601125,.99578649
2020-3-30,6791.1294,259568096070,152.64999,54885200,22004,64,8.8233728,5.0281477,.13693619,.002623558,.93117976,.47050563
2020-4-6,6971.0918,274123270580,158.69,49658500,22011,65,8.8495274,5.0669527,.026154518,.038805008,.625,.95084268
2020-4-13,7189.4248,248073118275,158.57001,73672100,22018,66,8.8803663,5.066196,.030838966,-.00075674057,.65870786,.39466292
2020-4-20,7679.8672,247735013853,162.64,62196700,22025,67,8.9463577,5.0915394,.065991402,.025343418,.7794944,.88342696
2020-4-27,8897.4688,327820350244,159.78,56196600,22032,68,9.0935221,5.0737977,.14716434,-.01774168,.95084268,.13904494
2020-5-4,8756.4307,361023995652,160.42,57833900,22039,69,9.0775433,5.0777955,-.015978813,.0039978027,.30477527,.49859551
2020-5-11,9670.7393,325655447393,163.92999,63569400,22046,70,9.1768599,5.0994396,.099316597,.021644115,.88061798,.84410113
2020-5-18,8790.3682,247011272897,163.21001,53667600,22053,71,9.0814123,5.0950379,-.09544754,-.0044016838,.088483147,.31320226
2020-5-25,9461.0586,221372861711,162.91,49375800,22060,72,9.1549397,5.0931978,.073527336,-.0018401146,.80196631,.36938202
2020-6-1,9758.8525,194228716225,158.00999,61644800,22067,73,9.1859303,5.0626583,.030990601,-.030539513,.66151685,.063202247
2020-6-8,9386.7881,160324519712,162.62,49868600,22074,74,9.1470585,5.0914164,-.038871765,.028758049,.20084269,.91432583
2020-6-15,9303.6299,138300100692,164.03,38839700,22081,75,9.1381598,5.1000495,-.008898735,.0086331367,.37780899,.62780899
2020-6-22,9143.582,125863637229,166.53999,52271600,22088,76,9.1208076,5.1152353,-.017352104,.015185833,.2963483,.75983149
2020-6-29,9073.9424,102779717630,166.98,41466300,22095,77,9.113162,5.1178741,-.007645607,.0026388168,.38904494,.4761236
2020-7-6,9276.5,113994286210,169.19,52106900,22102,78,9.1352396,5.1310225,.02207756,.013148308,.59971911,.72331458
2020-7-13,9185.8174,106299733734,170.12,48980800,22109,79,9.1254158,5.1365042,-.0098237991,.00548172,.36657304,.54073036
2020-7-20,9905.167,120174678243,178.7,80242200,22116,80,9.2008114,5.1857085,.075395584,.04920435,.8047753,.9705056
2020-7-27,11053.614,188247005753,185.42999,101858200,22123,81,9.3105125,5.2226772,.10970116,.036968708,.89185393,.94241571
2020-8-3,11675.739,147527884833,190.81,105958600,22130,82,9.3652687,5.2512779,.054756165,.028600693,.74016851,.90870786
2020-8-10,11892.804,173916901671,182.53999,123451500,22137,83,9.3836889,5.2069693,.018420219,-.044308662,.58005619,.015449438
2020-8-17,11664.848,161417688724,182.03,86054200,22144,84,9.3643351,5.2041717,-.019353867,-.0027976036,.28511235,.34971911
2020-8-24,11711.506,149742951013,184.39,63877700,22151,85,9.3683271,5.2170529,.0039920807,.012881279,.48735955,.71488762
2020-8-31,10280.352,221515306287,181.64,56166200,22158,86,9.2379894,5.2020268,-.13033772,-.015026093,.040730339,.1755618
2020-9-7,10323.756,264126813725,182.45,38459200,22165,87,9.2422028,5.2064762,.0042133331,.0044493675,.49016854,.51264048
2020-9-14,10938.271,210690462551,183.2,49201500,22172,88,9.3000231,5.2105784,.05782032,.0041022301,.75140452,.50140452
2020-9-21,10775.27,263386919085,174.94,62086400,22179,89,9.2850094,5.164443,-.015013695,-.046135426,.31601125,.0098314611
2020-9-28,10669.583,343112501609,178.53999,42091300,22186,90,9.2751522,5.1848125,-.0098571777,.02036953,.36376405,.82443821
2020-10-5,11384.182,256921249410,181.08,44523900,22193,91,9.3399801,5.1989388,.064827919,.014126301,.77668542,.74016851
2020-10-12,11483.359,162045277956,178.3,36380000,22200,92,9.3486538,5.1834674,.0086736679,-.015471458,.52106744,.16994382
2020-10-19,13031.174,210845277262,178.64,35050200,22207,93,9.4750996,5.1853728,.12644577,.0019054413,.9227528,.46207866
2020-10-26,13737.109,240919962782,176.2,38443600,22214,94,9.5278559,5.1716199,.05275631,-.013752937,.73455054,.18398876
2020-11-2,15479.567,238108964192,183.19,51674000,22221,95,9.6472759,5.2105241,.11942005,.03890419,.91151685,.95365167
2020-11-9,15955.588,206407256877,177.16,64175400,22228,96,9.6775646,5.1770535,.030288696,-.033470631,.65308988,.043539327
2020-11-16,18370.002,274506990351,175.69,37316800,22235,97,9.8184738,5.1687212,.14090919,-.0083322525,.93679774,.24859551
2020-11-23,18177.484,301939363508,167.78999,55870300,22242,98,9.8079386,5.1227131,-.01053524,-.04600811,.3525281,.012640449
2020-11-30,19345.121,253088772491,172.32001,56498900,22249,99,9.8701954,5.149353,.062256813,.026639938,.76544946,.89466292
2020-12-7,19142.383,193678842258,172.49001,40295500,22256,100,9.8596601,5.1503391,-.01053524,.00098609924,.34971911,.43960676
2020-12-14,23477.295,281723269352,176.44,38925300,22263,101,10.063789,5.1729808,.20412922,.022641659,.98455054,.85533708
2020-12-21,26272.295,339132207025,176.35001,27849500,22270,102,10.17627,5.1724706,.11248112,-.00051021576,.90308988,.40589887
2020-12-28,32782.023,379626054545,178.36,27217200,22277,103,10.397635,5.183804,.22136497,.011333466,.98735952,.69241571
2021-1-4,38356.441,538834804975,173.34,77013800,22284,104,10.554678,5.1552548,.1570425,-.028549194,.95926964,.077247187
2021-1-11,35791.277,508900951412,171.13,62175400,22291,105,10.485459,5.1424236,-.069218636,-.012831211,.125,.19522472
2021-1-18,32289.379,423439379849,173.89999,31458100,22298,106,10.382494,5.1584802,-.10296535,.016056538,.082865171,.76825845
2021-1-25,33114.359,495037340009,172.61,40304100,22305,107,10.407722,5.1510348,.0252285,-.0074453354,.61657304,.25702247
2021-2-1,38903.441,449918619842,169.81,41260400,22312,108,10.568838,5.1346803,.16111565,-.016354561,.96488762,.15870787
2021-2-8,48717.289,580021243858,170.69,30145500,22319,109,10.793789,5.1398492,.22495079,.0051689148,.99016851,.5294944
2021-2-15,57539.945,470533297170,167.00999,41933500,22326,110,10.960235,5.1180534,.16644573,-.02179575,.9705056,.0997191
2021-2-22,45137.77,766679775805,161.81,67669200,22333,111,10.717475,5.0864229,-.2427597,-.031630516,.012640449,.051966291
2021-3-1,51206.691,333113779409,159.14,65004500,22340,112,10.843625,5.0697842,.12615013,-.016638756,.91994381,.15589887
2021-3-8,59302.316,373838576722,161.49001,45837200,22347,113,10.990403,5.0844431,.14677811,.014658928,.94803369,.75140452
2021-3-15,57523.422,393542542227,163.24001,43858600,22354,114,10.959948,5.0952215,-.030455589,.010778427,.23455057,.67556179
2021-3-22,55950.746,403128836645,162.24001,32024500,22361,115,10.932227,5.0890765,-.027720451,-.0061450005,.25983146,.28511235
2021-3-29,58758.555,408348561550,161.98,34491500,22368,116,10.981192,5.0874729,.0489645,-.0016036034,.71769661,.38061798
2021-4-5,60204.965,406637390979,163.27,31593400,22375,117,11.00551,5.0954051,.024318695,.0079321861,.61376405,.59971911
2021-4-12,56216.184,508118943571,166.35001,36513100,22382,118,10.93696,5.1140943,-.06855011,.018689156,.12780899,.78792137
2021-4-19,49004.254,444719708699,166.39999,35420400,22389,119,10.799663,5.1143947,-.13729763,.00030040741,.037921347,.42556179
2021-4-26,56631.078,335231529997,165.66,32398600,22396,120,10.944313,5.1099377,.14465046,-.0044569969,.94241571,.30758426
2021-5-3,58232.316,458766142208,171.59,53554800,22403,121,10.972196,5.1451077,.027882576,.035170078,.64185393,.93679774
2021-5-10,46456.059,483967915938,172.69,47056200,22410,122,10.746263,5.1514983,-.22593307,.0063905716,.015449438,.55758429
2021-5-17,34770.582,563629210102,176.03999,57471900,22417,123,10.456527,5.170711,-.28973579,.019212723,.0042134831,.8047753
2021-5-24,35678.129,350206489990,178.38,40999600,22424,124,10.482293,5.1839161,.025766373,.013205051,.62219101,.72612357
2021-5-31,35862.379,248884892724,177.16,34285600,22431,125,10.487444,5.1770535,.005150795,-.0068626404,.50140452,.26544943
2021-6-7,39097.859,298428017340,175.74001,37694500,22438,126,10.573823,5.1690059,.086379051,-.0080475807,.84410113,.25140449
2021-6-14,35698.297,269949570053,164.92999,75180000,22445,127,10.482859,5.1055212,-.090964317,-.063484669,.10252809,.0042134831
2021-6-21,34649.645,305541799334,166.59,38446300,22452,128,10.453043,5.1155357,-.029815674,.010014534,.24016854,.65028089
2021-6-28,35287.781,231729218470,167.28999,37220200,22459,129,10.471292,5.1197286,.018249512,.0041928291,.5772472,.5070225
2021-7-5,34240.188,178445862441,169.21001,27282700,22466,130,10.441155,5.1311407,-.030137062,.011412144,.23735955,.69803369
2021-7-12,31796.811,147501894180,169.41,39166400,22473,131,10.367122,5.1323218,-.074033737,.0011811256,.11376405,.44803372
2021-7-19,35350.188,156414750211,168.56,28495200,22480,132,10.473059,5.1272917,.105937,-.0050301552,.88623595,.2963483
2021-7-26,39974.895,237553113912,169.82001,34947100,22487,133,10.596007,5.1347389,.12294865,.0074472427,.91432583,.58567417
2021-8-2,43798.117,226902699564,164.64,47544400,22494,134,10.687346,5.1037612,.091339111,-.030977726,.85814607,.060393259
2021-8-9,47047.004,234268000892,166.39,38478800,22501,135,10.758903,5.1143346,.071556091,.010573387,.79634833,.66994381
2021-8-16,49321.652,236289722726,166.7,36669700,22508,136,10.806118,5.1161957,.047215462,.0018610954,.70926964,.45646068
2021-8-23,48829.832,223947952688,170.19,32706800,22515,137,10.796097,5.1369157,-.01002121,.020720005,.36095506,.83286518
2021-8-30,51753.41,256225023619,171.06,27822600,22522,138,10.854245,5.1420145,.058148384,.0050988197,.75421351,.52668542
2021-9-6,46063.27,293311066613,167.17999,30648300,22529,139,10.737771,5.119071,-.11647415,-.022943497,.054775283,.091292135
2021-9-13,47260.219,226141953163,163.77,39172200,22536,140,10.763424,5.0984631,.025652885,-.020607948,.61938202,.10252809
2021-9-20,43208.539,270099994433,163.3,39915300,22543,141,10.673794,5.0955892,-.089630127,-.0028738976,.10533708,.34410113
2021-9-27,48199.953,223042115392,164.59,39814100,22550,142,10.783113,5.1034575,.10931969,.0078682899,.88904494,.59691012
2021-10-4,54771.578,261919545521,164.23,32663800,22557,143,10.910927,5.1012678,.12781334,-.0021896362,.92837077,.36657304
2021-10-11,61553.617,277084548345,165.33,34167500,22564,144,11.027664,5.1079435,.11673737,.0066757202,.90870786,.56601125
2021-10-18,60930.836,257856648064,167.77,30756400,22571,145,11.017494,5.1225939,-.010169983,.014650345,.35814607,.74859548
2021-10-25,61318.957,256114057651,166.64999,31895900,22578,146,11.023845,5.1158957,.0063505173,-.0066981316,.5070225,.27106741
2021-11-1,63326.988,227064607869,169.84,33816500,22585,147,11.056067,5.1348567,.032221794,.018960953,.66713482,.79634833
2021-11-8,65466.84,259776276520,174.45,36063500,22592,148,11.089299,5.1616383,.033232689,.026781559,.6727528,.90028089
2021-11-15,58730.477,253419951009,172.61,35858800,22599,149,10.980714,5.1510348,-.10858536,-.010603428,.074438199,.22050563
2021-11-22,57248.457,243930001011,166.85001,36104400,22606,150,10.955156,5.1170955,-.025557518,-.033939362,.27106741,.037921347
2021-11-29,49368.848,276690611812,166.63,47240800,22613,151,10.807075,5.1157756,-.14808178,-.0013198853,.032303371,.38623595
2021-12-6,50098.336,208148497532,166.58,25367600,22620,152,10.821743,5.1154757,.014668465,-.00029993057,.55196631,.41151685
2021-12-13,46707.016,214770398202,167.8,50522900,22627,153,10.75165,5.1227727,-.070093155,.007297039,.11938202,.58005619
2021-12-20,50809.516,175052499792,168.97,20745500,22634,154,10.835839,5.1297212,.084189415,.0069484711,.8272472,.56882024
2021-12-27,47345.219,203998848909,170.96001,27657500,22641,155,10.765221,5.1414294,-.070618629,.01170826,.11657304,.70365167
2022-1-3,41911.602,276182787152,167.75,43790200,22648,156,10.643318,5.1224747,-.12190247,-.018954754,.046348315,.12219101
2022-1-10,43113.879,199473804544,169.67,36576300,22655,157,10.6716,5.1338553,.028282166,.011380672,.6474719,.6952247
2022-1-17,36276.805,196326044073,171.09,45660300,22662,158,10.498934,5.1421895,-.17266655,.0083341599,.023876404,.61938202
2022-1-24,37917.602,178727434896,167.10001,76559000,22669,159,10.543171,5.1185923,.044237137,-.02359724,.70365167,.088483147
2022-1-31,42412.434,143977109319,168.86,47658900,22676,160,10.655197,5.1290698,.11202621,.010477543,.90028089,.66713482
2022-2-7,42197.516,176958095731,173.81,58036700,22683,161,10.650117,5.1579628,-.0050802231,.028892994,.41994381,.91713482
2022-2-14,38431.379,144975794552,177.12,70399600,22690,162,10.556629,5.1768274,-.09348774,.018864632,.094101124,.79073036
2022-2-21,37709.785,190469710084,176.55,70989600,22697,163,10.537675,5.173604,-.018954277,-.0032234192,.28792134,.3272472
2022-2-28,38419.984,187557375751,183.67999,95279600,22704,164,10.556333,5.2131948,.018657684,.039590836,.58567417,.95646065
2022-3-7,37849.664,175966999156,185.09,135419100,22711,165,10.541377,5.2208424,-.014955521,.0076475143,.31882024,.59129214
2022-3-14,41247.824,184097042034,179.3,72647400,22718,166,10.627354,5.1890602,.085976601,-.03178215,.84129214,.049157303
2022-3-21,46820.492,188591889758,182.38,51642500,22725,167,10.754076,5.2060924,.12672234,.017032146,.92556179,.7794944
2022-3-28,46453.566,223334181931,179.5,51188700,22732,168,10.746208,5.1901751,-.0078678131,-.015917301,.38623595,.16432585
2022-4-4,42207.672,188557001876,181.47,47630000,22739,169,10.650357,5.2010903,-.095850945,.010915279,.085674159,.68117976
2022-4-11,39716.953,174652159709,184.03999,42314700,22746,170,10.589534,5.2151532,-.060823441,.014062881,.13061798,.73735952
2022-4-18,39469.293,184314843516,180.28999,47297700,22753,171,10.583279,5.1945667,-.0062551498,-.020586491,.40308988,.10533708
2022-4-25,38469.094,216681007567,176.91,45071600,22760,172,10.557611,5.1756411,-.025668144,-.018925667,.26825842,.125
2022-5-2,34059.266,239044762282,175.42,52462100,22767,173,10.435858,5.1671829,-.12175274,-.0084581375,.049157303,.24578652
2022-5-9,31305.113,357800928090,168.78999,55590300,22774,174,10.351537,5.1286554,-.084321022,-.038527489,.11095506,.026685392
2022-5-16,30323.723,196429842104,172.03,38391700,22781,175,10.319686,5.1476688,-.031850815,.019013405,.22893259,.79915732
2022-5-23,29445.957,212594819496,172.85001,27223300,22788,176,10.290312,5.1524243,-.029374123,.004755497,.24297753,.52106744
2022-5-30,29906.662,203063587161,172.58,24333000,22795,177,10.305837,5.1508608,.015524864,-.001563549,.56320226,.38342696
2022-6-6,26762.648,215929645934,174.53999,34324000,22802,178,10.194762,5.1621537,-.11107445,.011292934,.068820223,.68679774
2022-6-13,20553.271,309685915250,171.27,45844200,22809,179,9.9307756,5.1432414,-.26398659,-.018912315,.0070224721,.12780899
2022-6-20,21027.295,175909056122,170.09,24845600,22816,180,9.953577,5.1363277,.022801399,-.006913662,.60533708,.26264045
2022-6-27,19297.076,157426002965,168.32001,34012700,22823,181,9.8677092,5.1258669,-.085867882,-.010460854,.10814606,.22331461
2022-7-4,20860.449,206953871021,162.3,35069000,22830,182,9.94561,5.0894465,.077900887,-.036420345,.81601125,.032303371
2022-7-11,20779.344,187297974219,159.00999,37150800,22837,183,9.9417143,5.0689669,-.0038957596,-.020479679,.43398875,.10814606
2022-7-18,22609.164,244312089708,160.67,25980900,22844,184,10.026111,5.0793524,.084396362,.010385513,.83005619,.66151685
2022-7-25,23336.896,223759636595,164.10001,25296000,22851,185,10.057791,5.1004763,.031680107,.021123886,.66432583,.83848315
2022-8-1,23175.891,166393135564,165.28999,26335400,22858,186,10.050868,5.1077013,-.0069227219,.0072250366,.3974719,.5772472
2022-8-8,24319.334,195343016900,167.87,20336800,22865,187,10.099027,5.1231899,.048158646,.015488625,.71207863,.76264048
2022-8-15,21534.121,208764012537,162.72,26915800,22872,188,9.9773941,5.092031,-.12163258,-.031158924,.051966291,.057584271
2022-8-22,19616.814,223346042309,161.75999,21632400,22879,189,9.8841419,5.0861139,-.093252182,-.0059170723,.096910112,.29073033
2022-8-29,19986.713,208511390280,159.25999,27585200,22886,190,9.9028234,5.070538,.018681526,-.015575886,.58848315,.16713484
2022-9-5,21769.256,259528892947,159.82001,17380100,22893,191,9.9882536,5.074048,.085430145,.0035099983,.83848315,.49578652
2022-9-12,19419.506,261900187496,155.84,37477400,22900,192,9.874033,5.04883,-.11422062,-.02521801,.063202247,.082865171
2022-9-19,18802.098,252873598365,153.00999,34915800,22907,193,9.8417234,5.0305033,-.032309532,-.018326759,.22331461,.13061798
2022-9-26,19044.107,280290121527,154.67,37518400,22914,194,9.8545132,5.0412936,.012789726,.010790348,.54073036,.67837077
2022-10-3,19446.426,196809212801,157.88,34425600,22921,195,9.8754187,5.0618353,.020905495,.020541668,.59691012,.83005619
2022-10-10,19268.094,197940078443,152.98,27971700,22928,196,9.8662062,5.0303073,-.0092124939,-.031527996,.36938202,.054775283
2022-10-17,19567.008,175664450104,154.14999,29051700,22935,197,9.8816004,5.0379262,.015394211,.0076189041,.56039327,.58848315
2022-10-24,20635.604,302335723765,153.16,20855900,22942,198,9.9347734,5.0314832,.053173065,-.0064430237,.73735952,.27668539
2022-10-31,20926.486,321270158405,156.47,30983100,22949,199,9.9487705,5.0528641,.013997078,.021380901,.54634833,.84129214
2022-11-7,16353.365,471409252759,164.56,36328200,22956,200,9.7021894,5.1032753,-.24658108,.050411224,.0098314611,.97331458
2022-11-14,16291.832,212305927001,162.78999,28632400,22963,201,9.6984196,5.0924611,-.0037698746,-.01081419,.43960676,.21488763
2022-11-21,16444.627,184366390569,163.22,13573800,22970,202,9.7077541,5.095099,.0093345642,.0026378632,.52668542,.47331461
2022-11-28,17130.486,156325682750,167.25999,25359900,22977,203,9.7486153,5.1195493,.04086113,.024450302,.6952247,.87219101
2022-12-5,17104.193,129428712529,167.06,22293900,22984,204,9.7470789,5.1183529,-.0015363693,-.0011963844,.45646068,.39185393
2022-12-12,16757.977,142170798266,166.78999,29632600,22991,205,9.7266293,5.1167355,-.020449638,-.0016174316,.27668539,.37780899
2022-12-19,16841.986,107997970888,167.25999,24318700,22998,206,9.7316303,5.1195493,.0050010681,.0028138161,.49859551,.47893259
2022-12-26,16625.08,95526200508,169.64,16758600,23005,207,9.718668,5.1336784,-.012962341,.014129162,.3272472,.7429775
2023-1-2,17091.145,90012614323,173.71001,28149100,23012,208,9.746316,5.1573873,.027647972,.02370882,.63904494,.86376405
2023-1-9,20880.799,175267920183,178.75999,27312800,23019,209,9.9465857,5.1860442,.2002697,.02865696,.98174155,.91151685
2023-1-16,22720.416,188938770069,179.28999,24429000,23026,210,10.031019,5.1890044,.084433556,.0029602051,.83286518,.48174158
2023-1-23,23774.566,177486927537,179.22,28708200,23033,211,10.076371,5.1886139,.045351982,-.00039052963,.70646065,.40870786
2023-1-30,22955.666,171080243769,173.46001,40700400,23040,212,10.04132,5.1559472,-.035051346,-.032666683,.20646067,.046348315
2023-2-6,21788.203,170212590188,173.36,28159200,23047,213,9.9891243,5.1553702,-.052195549,-.00057697296,.15870787,.40308988
2023-2-13,24327.643,209050300776,171.25999,24147900,23054,214,10.099368,5.1431828,.1102438,-.012187481,.8974719,.20365168
2023-2-20,23561.213,180472737469,168.35001,19711600,23061,215,10.067357,5.1260452,-.032011032,-.017137527,.2261236,.1474719
2023-2-27,22435.514,138790785900,172.49001,28706500,23068,216,10.0184,5.1503391,-.048956871,.0242939,.16994382,.86938202
2023-3-6,22163.949,192057466346,173.87,38082400,23075,217,10.006223,5.158308,-.012177467,.0079689026,.33848315,.6025281
2023-3-13,28038.676,305833103060,183.77,80038000,23082,218,10.24134,5.213685,.23511696,.055377007,.9929775,.98735952
2023-3-20,27994.33,191720356212,183.64999,55142800,23089,219,10.239758,5.2130318,-.0015821457,-.00065326691,.4536517,.40028089
2023-3-27,28199.309,121255230918,183.22,32487700,23096,220,10.247053,5.2106876,.0072956085,-.0023441315,.50983149,.35533708
2023-4-3,28333.051,98141424556,186.49001,41061200,23103,221,10.251784,5.2283778,.0047311783,.017690182,.49578652,.78511238
2023-4-10,30315.355,122998807738,186.36,49773100,23110,222,10.319409,5.2276802,.067625046,-.00069761276,.78792137,.3974719
2023-4-17,27591.385,129935327803,184.25,39387100,23117,223,10.225259,5.2162933,-.094150543,-.011386871,.091292135,.20926966
2023-4-24,29268.807,137303647007,184.8,40766700,23124,224,10.284278,5.219274,.059019089,.0029807091,.7570225,.48455057
2023-5-1,28454.979,114911964253,187.46001,60467000,23131,225,10.256079,5.2335653,-.028199196,.014291286,.24859551,.74578649
2023-5-8,26930.639,109959496438,186.81,37899300,23138,226,10.20102,5.230092,-.055058479,-.0034732819,.14185393,.31601125
2023-5-15,26753.826,84459727715,183.64,39759500,23145,227,10.194433,5.2129774,-.0065870285,-.017114639,.40028089,.15028089
2023-5-22,28085.646,90053064704,180.92,30655100,23152,228,10.243014,5.1980548,.048581123,-.014922619,.71488762,.17837079
2023-5-29,27119.066,91351657572,181.05,29430600,23159,229,10.207993,5.1987734,-.035021782,.0007185936,.20926966,.43398875
2023-6-5,25940.168,116498927148,182.03999,30555800,23166,230,10.163548,5.2042265,-.044445038,.0054531097,.17837079,.53792137
2023-6-12,26336.213,92905085602,181.63,32325400,23173,231,10.1787,5.2019715,.015152931,-.0022549629,.55758429,.36095506
2023-6-19,30480.262,138005623534,178.2,27651300,23180,232,10.324835,5.1829066,.14613438,-.019064903,.9452247,.11938202
2023-6-26,30620.77,106681707513,178.27,27409100,23187,233,10.329433,5.1832991,.0045986176,.00039243698,.49297753,.42837077
2023-7-3,30171.234,90491031635,178.64,20070400,23194,234,10.314644,5.1853728,-.014789581,.0020737648,.32162923,.46769664
2023-7-10,30249.133,102917922458,181.42999,23119200,23201,235,10.317223,5.20087,.0025787354,.015497208,.48455057,.76544946
2023-7-17,30084.539,81229098742,182.17999,25120300,23208,236,10.311767,5.2049952,-.0054559708,.0041251183,.41432583,.50421351
2023-7-24,29275.309,76309629498,181.86,26040100,23215,237,10.2845,5.2032371,-.027266502,-.0017580986,.26264045,.37219101
2023-7-31,29041.855,87827001052,180.19,28036700,23222,238,10.276493,5.1940117,-.0080070496,-.0092253685,.38061798,.24016854
2023-8-7,29282.914,85153014454,177.60001,26541600,23229,239,10.28476,5.179534,.008266449,-.01447773,.51825845,.18117978
2023-8-14,26189.584,116418274959,175.33,37887300,23236,240,10.173117,5.1666698,-.11164284,-.012864113,.066011235,.19241573
2023-8-21,26089.693,83086807452,177.62,29706900,23243,241,10.169295,5.1796465,-.003821373,.012976646,.43679774,.71769661
2023-8-28,25969.566,113161627781,180.11,28677300,23250,242,10.16468,5.1935678,-.00461483,.013921261,.42556179,.73455054
2023-9-4,25832.227,69814611152,178.08,20033900,23257,243,10.159378,5.1822329,-.0053024292,-.011334896,.41713482,.21207865
2023-9-11,26534.188,85796699860,178.34,23814600,23264,244,10.18619,5.183692,.0268116,.0014591217,.63342696,.45084271
2023-9-18,26256.826,82251905213,178.62,29808700,23271,245,10.175681,5.1852608,-.010508537,.0015687943,.35533708,.4536517
2023-9-25,27983.75,73012240734,171.45,44172100,23278,246,10.239379,5.1442919,.063697815,-.040968895,.77106744,.023876404
2023-10-2,27935.09,82183775698,169.7,51119000,23285,247,10.237638,5.1340322,-.0017404556,-.010259628,.45084271,.22893259
2023-10-9,27159.652,72673654487,178.83,47882700,23292,248,10.209488,5.1864357,-.028150558,.05240345,.25140449,.97893256
2023-10-16,29993.896,113402383094,183.59,56730400,23299,249,10.308749,5.2127051,.099261284,.026269436,.87780899,.88904494
2023-10-23,34538.48,165718773022,186.14999,47935000,23306,250,10.449829,5.226553,.1410799,.013847828,.93960673,.73174155
2023-10-30,35049.355,115520056635,184.78999,43783700,23313,251,10.464513,5.2192202,.014683723,-.0073328018,.5547753,.25983146
2023-11-6,37054.52,134767494805,179.50999,35901700,23320,252,10.520145,5.1902308,.055632591,-.028989315,.7429775,.074438199
2023-11-13,37386.547,143535361089,183.67,30251300,23327,253,10.529066,5.2131405,.0089206696,.022909641,.52387643,.85814607
2023-11-20,37479.121,130439893957,185.52,19494500,23334,254,10.531539,5.2231627,.0024728775,.010022163,.48174158,.65308988
2023-11-27,39978.391,134360107955,192.00999,49915300,23341,255,10.596094,5.2575474,.064555168,.034384727,.77387643,.93398875
2023-12-4,43779.699,188503614895,185.64,44952000,23348,256,10.686926,5.2238092,.090831757,-.033738136,.85533708,.040730339
2023-12-11,41364.664,168493481950,187,41643900,23355,257,10.630182,5.2311087,-.056743622,.0072994232,.13623595,.58286518
2023-12-18,43016.117,152084171491,190.27,29182300,23362,258,10.669331,5.2484441,.039148331,.017335415,.68679774,.78230339
2023-12-25,42265.188,157807126208,191.17,21099800,23369,259,10.651719,5.2531629,-.017611504,.0047187805,.29353932,.51544946
2024-1-1,43943.098,202311773985,189.35001,26585800,23376,260,10.690651,5.243597,.038931847,-.0095658302,.68398875,.23455057
2024-1-8,41796.27,259971819745,189.71001,28821800,23383,261,10.640562,5.2454967,-.050088882,.0018997192,.16432585,.45926967
2024-1-15,41545.785,139135824835,187.92999,25596200,23390,262,10.634551,5.2360697,-.0060110092,-.0094270706,.40870786,.23735955
2024-1-22,42035.594,155314602893,187.00999,25239500,23397,263,10.646272,5.2311621,.011720657,-.004907608,.53511238,.30196628
2024-1-29,42583.582,135184187433,188.61,36108000,23404,264,10.659225,5.2396812,.012952805,.0085191727,.54353935,.62219101
2024-2-5,48293.918,157826395448,187.60001,24865000,23411,265,10.785061,5.2343121,.12583637,-.0053691864,.91713482,.29353932
2024-2-12,52122.547,213560041471,186.34,34011100,23418,266,10.861353,5.2275729,.076292038,-.0067391396,.81320226,.26825842
2024-2-19,51733.238,160769145627,188.62,22698500,23425,267,10.853856,5.2397342,-.0074968338,.012161255,.39466292,.70926964
2024-2-26,63167.371,322895666089,192.89,32741000,23432,268,11.053543,5.2621202,.199687,.022386074,.97893256,.8525281
2024-3-4,69019.789,405709693297,201.63,54291600,23439,269,11.142149,5.3064342,.088605881,.044313908,.8525281,.96488762
2024-3-11,68390.625,405957750577,199.71001,34117900,23446,270,11.132991,5.2968664,-.0091581345,-.0095677376,.37219101,.23174158
2024-3-18,67234.172,328097121682,200.35001,35773100,23453,271,11.115937,5.300066,-.017053604,.0031995773,.29915729,.49016854
2024-3-25,71333.648,216324625836,205.72,25023000,23460,272,11.175123,5.3265162,.059185982,.026450157,.75983149,.89185393
2024-4-1,69362.555,229427260104,215.14,64204400,23467,273,11.147102,5.3712888,-.028020859,.044772625,.25421348,.96769661
2024-4-8,65738.727,288243675431,216.89,79032800,23474,274,11.093444,5.3793902,-.053658485,.0081014633,.15308988,.60814607
2024-4-15,64926.645,257889555865,221.03,50692100,23481,275,11.081014,5.3982983,-.012430191,.018908024,.33286518,.79353935
2024-4-22,63113.23,176031088174,216.62,42750700,23488,276,11.052686,5.3781447,-.028327942,-.020153522,.24578652,.11095506
2024-4-29,64031.133,217717011805,212.96001,42999300,23495,277,11.067124,5.3611045,.014438629,-.017040253,.54915732,.15308988
2024-5-6,61448.395,161617857129,218.71001,33397300,23502,278,11.025953,5.3877468,-.041171074,.026642323,.19522472,.8974719
2024-5-13,66278.367,191456349028,223.66,33640300,23509,279,11.101619,5.4101272,.075665474,.022380352,.80758429,.84971911
2024-5-20,68518.094,225779718034,215.92,32646900,23516,280,11.134853,5.374908,.033234596,-.035219193,.67556179,.035112359
2024-5-27,67751.602,170949409910,215.3,16680700,23523,281,11.123604,5.3720326,-.011249542,-.0028753281,.34691012,.34129214
2024-6-3,69647.992,187569500742,211.60001,34640200,23530,282,11.151209,5.3546977,.027605057,-.017334938,.63623595,.14185393
2024-6-10,66639.047,175973271622,215.73,27068900,23537,283,11.107046,5.3740277,-.04416275,.019330025,.18960674,.81039327
2024-6-17,63180.797,163449015388,214.78,24955200,23544,284,11.053756,5.3696141,-.053290367,-.0044136047,.15589887,.31039324
2024-6-24,62678.293,171030093873,215.00999,22071000,23551,285,11.045771,5.3706846,-.0079851151,.0010704994,.38342696,.44522473
2024-7-1,55849.109,213107531443,220.92999,19725500,23558,286,10.930408,5.3978457,-.11536217,.027161121,.057584271,.90589887
2024-7-8,60787.793,187407019962,223.11,29749800,23565,287,11.015144,5.4076648,.08473587,.0098190308,.83567417,.64466292
2024-7-15,68154.523,222161876179,221.73,39562000,23572,288,11.129533,5.4014602,.11438847,-.0062046051,.90589887,.27949437
2024-7-22,68255.867,227265184992,220.63,32714500,23579,289,11.131019,5.3964872,.0014858246,-.0049729347,.47893259,.29915729
2024-7-29,58116.977,251002338760,225.34,35247800,23586,290,10.970213,5.4176102,-.1608057,.021122932,.026685392,.83567417
2024-8-5,58719.484,317158734647,224.56,39357200,23593,291,10.980527,5.4141431,.010313988,-.003467083,.53230339,.31882024
2024-8-12,58483.965,193731393138,231.99001,34961800,23600,292,10.976508,5.4466944,-.0040187836,.032551289,.43117976,.92837077
2024-8-19,64333.543,200670274120,232.02,30759400,23607,293,11.071836,5.4468236,.095328331,.00012922287,.86657304,.4227528
2024-8-26,57325.488,208589155271,231.28999,23815700,23614,294,10.956501,5.4436722,-.11533546,-.0031514168,.060393259,.33286518
2024-9-2,54841.566,207052844168,230.63,22267800,23621,295,10.912204,5.4408145,-.044297218,-.0028576851,.18117978,.34691012
2024-9-9,59182.836,201400392020,238.67999,29949700,23628,296,10.988387,5.4751239,.076183319,.034309387,.81039327,.93117976
2024-9-16,63648.711,223578476939,242.21001,34897300,23635,297,11.061134,5.4898052,.072747231,.014681339,.79915732,.75421351
2024-9-23,65635.305,185380794223,245.02,36576600,23642,298,11.091869,5.5013399,.030735016,.011534691,.65589887,.70084268
2024-9-30,62818.953,221870167581,245,35943300,23649,299,11.048012,5.5012584,-.043857574,-.000081539154,.19241573,.41994381
2024-10-7,62851.375,185760615870,245.47,26221500,23656,300,11.048528,5.5031748,.00051593781,.0019164085,.47050563,.46488765
2024-10-14,69001.703,233833427420,251.27,28005400,23663,301,11.141887,5.5265279,.093358994,.0233531,.86376405,.86095506
2024-10-21,67929.297,210764883686,253.32001,33482600,23670,302,11.126223,5.5346537,-.015664101,.008125782,.30758426,.61095506
2024-10-28,68741.117,281658996077,252.47,35694600,23677,303,11.138103,5.5312924,.011879921,-.0033612251,.53792137,.32443821
2024-11-4,80474.188,436048950363,247.96001,40300800,23684,304,11.295691,5.5132675,.15758896,-.018024921,.96207863,.13623595
2024-11-11,89845.852,631742325166,236.59,45792900,23691,305,11.40585,5.4663286,.11015892,-.046938896,.89466292,.0070224721
2024-11-18,98013.82,502412531238,249.84,34682600,23698,306,11.492864,5.5208206,.087013245,.054491997,.84971911,.98455054
2024-11-25,97279.789,419153048682,245.59,25318100,23705,307,11.485347,5.5036635,-.007516861,-.017157078,.39185393,.14466292
2024-12-2,101236.02,549005393438,242.95,21278300,23712,308,11.525209,5.4928555,.039862633,-.010807991,.68960673,.21769662
2024-12-9,104298.7,521429282524,244.28999,37139500,23719,309,11.555014,5.4983559,.02980423,.0055003166,.65028089,.54353935
2024-12-16,95104.938,551244500231,242.10001,33386300,23726,310,11.462736,5.4893508,-.092277527,-.0090050697,.0997191,.24297753
2024-12-23,93530.227,299272588112,241.39999,17629700,23733,311,11.44604,5.4864554,-.016695976,-.0028953552,.30196628,.33848315
2024-12-30,98314.961,248821817930,243.49001,17158600,23740,312,11.495932,5.4950757,.049891472,.0086202621,.72612357,.625
2025-1-6,94488.438,338967010865,248.21001,27532600,23747,313,11.456233,5.5142751,-.039698601,.019199371,.19803371,.80196631
2025-1-13,101089.61,437782936416,249.27,37257300,23754,314,11.523763,5.5185366,.067529678,.0042614937,.78230339,.50983149
2025-1-20,102682.5,471816874719,255.64999,26734700,23761,315,11.539397,5.5438094,.015634537,.025272846,.56882024,.88061798
2025-1-27,97688.977,362117614322,258.56,38745900,23768,316,11.489544,5.5551276,-.049853325,.011318207,.16713484,.68960673
2025-2-3,96500.094,388753129798,263.89999,51938000,23775,317,11.4773,5.5755701,-.012244225,.020442486,.33567417,.8272472
2025-2-10,96175.031,230337481014,266.29001,49642600,23782,318,11.473925,5.5845861,-.0033750534,.009016037,.44522473,.63061798
2025-2-17,96273.922,210283176728,270.73999,33802700,23789,319,11.474953,5.6011591,.0010280609,.016572952,.47331461,.77106744
2025-2-24,94248.352,424642208809,263.26999,43609300,23796,320,11.453689,5.5731802,-.021264076,-.027978897,.2738764,.080056183
2025-3-3,80601.039,351467410238,268.39001,39764900,23803,321,11.297267,5.5924411,-.15642166,.019260883,.029494382,.80758429
2025-3-10,82579.688,245099235090,275.23999,50373200,23810,322,11.321519,5.6176434,.024251938,.025202274,.61095506,.87780899
2025-3-17,86054.375,154637791297,278.48999,42224700,23817,323,11.362735,5.6293821,.041215897,.011738777,.69803369,.70646065
2025-3-24,82334.523,181637739548,284.06,34717800,23824,324,11.318545,5.6491857,-.044189453,.019803524,.18679775,.81882024
2025-3-31,78214.484,237449686690,279.72,82965100,23831,325,11.26721,5.6337891,-.051335335,-.015396595,.16151686,.17275281
2025-4-7,83684.977,363220466107,297.92999,98706600,23838,326,11.334815,5.6968584,.067605019,.063069344,.78511238,.9929775
2025-4-14,85174.305,155677486406,306.12,59417600,23845,327,11.352455,5.7239771,.017640114,.027118683,.57162923,.90308988
2025-4-21,93754.844,247116398033,304.73001,102572700,23852,328,11.448439,5.7194262,.095983505,-.0045509338,.86938202,.30477527
2025-4-28,94315.977,179785916926,297.98001,48207000,23859,329,11.454406,5.6970263,.0059671402,-.022399902,.50421351,.094101124
2025-5-5,104106.36,346007588371,306.84,47098300,23866,330,11.553168,5.7263265,.098762512,.029300213,.875,.91994381
2025-5-12,106446.01,344395798973,294.23999,67080800,23873,331,11.575393,5.6843958,.022224426,-.041930676,.6025281,.018258426
2025-5-19,109035.39,407490594865,309.75,59965500,23880,332,11.599428,5.7357655,.024035454,.051369667,.60814607,.97612357
2025-5-26,105652.1,342628955292,303.60001,37423000,23887,333,11.567907,5.7157111,-.031520844,-.02005434,.23174158,.11376405
2025-6-2,105793.65,317888289963,305.17999,48976100,23894,334,11.569245,5.720902,.0013380051,.0051908493,.4761236,.53230339
2025-6-9,105552.02,360592444302,316.29001,51603800,23901,335,11.566959,5.7566595,-.0022859573,.035757542,.44803372,.93960673
2025-6-16,100987.14,345832029969,310.13,39248000,23908,336,11.522748,5.7369914,-.044211388,-.019668102,.18398876,.11657304
2025-6-23,108385.57,320503132421,301.22,51545100,23915,337,11.593451,5.7078409,.070702553,-.029150486,.79353935,.071629211
2025-6-30,109232.07,302896897483,307.14001,31119900,23922,338,11.60123,5.7273035,.0077791214,.019462585,.51264048,.81320226
2025-7-7,119116.12,425010937713,309.14001,46077200,23929,339,11.687854,5.7337942,.086624146,.0064907074,.84691012,.56320226
2025-7-14,117300.79,607619761231,308.39001,43831600,23936,340,11.672497,5.7313652,-.015357018,-.0024290085,.31320226,.3525281
2025-7-21,119448.49,496322967466,307.39999,52310300,23943,341,11.69064,5.7281499,.018143654,-.003215313,.57443821,.33005619
2025-7-28,114217.67,467817557243,309.10999,50300500,23950,342,11.645862,5.7336969,-.044778824,.0055470467,.1755618,.54634833
2025-8-4,119306.76,395725770752,313.04999,52833200,23957,343,11.689453,5.7463627,.043591499,.012665749,.70084268,.71207863
2025-8-11,117453.06,520847323413,307.42999,36550500,23964,344,11.673794,5.7282472,-.015659332,-.01811552,.31039324,.13342696
2025-8-18,113458.43,482123824127,310.57999,31030900,23971,345,11.639192,5.7384415,-.034602165,.010194302,.21207865,.65589887
2025-8-25,108236.71,453416228500,318.07001,45315800,23978,346,11.592076,5.7622714,-.047115326,.023829937,.17275281,.86657304
2025-9-1,111167.62,369258523185,331.04999,65078000,23985,347,11.618794,5.8022695,.02671814,.039998055,.62780899,.95926964
2025-9-8,115407.66,310393050143,335.42001,70907200,23992,348,11.656226,5.8153834,.037431717,.013113976,.68117976,.7205056
2025-9-15,115306.09,292893677815,339.17999,69162600,23999,349,11.655346,5.8265309,-.00088024139,.011147499,.46488765,.68398875
2025-9-22,112122.64,358886641603,346.73999,67817300,24006,350,11.627349,5.8485751,-.027997017,.022044182,.25702247,.84691012
2025-9-29,123513.48,456130203494,357.64001,75231700,24013,351,11.724106,5.8795271,.096756935,.030951977,.87219101,.9227528
2025-10-6,115169.77,645797975711,369.12,119850400,24020,352,11.654162,5.9111218,-.069943428,.031594753,.12219101,.92556179
2025-10-13,108666.71,508815465964,388.98999,153168700,24027,353,11.596041,5.9635534,-.058121681,.052431583,.13342696,.98174155
2025-10-20,114472.45,415030266271,377.51999,146107800,24034,354,11.648089,5.9336233,.052048683,-.029930115,.73174155,.066011235
2025-10-27,110639.63,378401671301,368.12,87697700,24041,355,11.614034,5.9084091,-.03405571,-.025214195,.21488763,.085674159
2025-11-3,104719.64,528630842986,368.31,45103200,24048,356,11.559042,5.9089251,-.054991722,.00051593781,.14466292,.43117976
